{"cameraMode":{"drawMode":0,"name":"Shaded","section":"Shading Mode"},"sceneLighting":true,"audioPlay":false,"sceneViewState":{"m_AlwaysRefresh":false,"showFog":true,"showSkybox":true,"showFlares":true,"showImageEffects":true,"showParticleSystems":true,"showVisualEffectGraphs":true,"m_FxEnabled":true},"in2DMode":false,"pivot":{"x":1.8278331756591797,"y":10.920135498046875,"z":2.013731002807617},"rotation":{"x":-0.02693856507539749,"y":-0.06563298404216767,"z":0.0017741047777235509,"w":-0.9974907040596008},"size":19.082965850830079,"orthographic":false}