{"cameraMode":{"drawMode":0,"name":"Shaded","section":"Shading Mode"},"sceneLighting":true,"audioPlay":false,"sceneViewState":{"m_AlwaysRefresh":false,"showFog":true,"showSkybox":true,"showFlares":true,"showImageEffects":true,"showParticleSystems":true,"showVisualEffectGraphs":true,"m_FxEnabled":true},"in2DMode":false,"pivot":{"x":-1.191449761390686,"y":13.232831001281739,"z":-1.09492826461792},"rotation":{"x":0.015192711725831032,"y":-0.9807219505310059,"z":0.17542365193367005,"w":0.08495452255010605},"size":1.6339956521987916,"orthographic":false}